,price,action,amount,value,price_increase,value_return
20120523,3.69,N,0,30000.00,0.00,0.00
20120524,3.62,N,0,30000.00,-0.02,0.00
20120525,3.48,N,0,30000.00,-0.06,0.00
20120528,3.47,N,0,30000.00,-0.06,0.00
20120529,3.51,N,0,30000.00,-0.05,0.00
20120530,3.51,N,0,30000.00,-0.05,0.00
20120531,3.53,N,0,30000.00,-0.04,0.00
20120601,3.54,N,0,30000.00,-0.04,0.00
20120604,3.38,N,0,30000.00,-0.08,0.00
20120605,3.39,N,0,30000.00,-0.08,0.00
20120606,3.37,N,0,30000.00,-0.09,0.00
20120607,3.35,N,0,30000.00,-0.09,0.00
20120608,3.36,N,0,30000.00,-0.09,0.00
20120611,3.42,N,0,30000.00,-0.07,0.00
20120612,3.39,B,1400,30000.00,-0.08,0.00
20120613,3.46,N,0,30098.00,-0.06,0.00
20120614,3.44,N,0,30070.00,-0.07,0.00
20120615,3.45,N,0,30084.00,-0.07,0.00
20120618,3.48,N,0,30126.00,-0.06,0.00
20120619,3.45,N,0,30084.00,-0.07,0.00
20120620,3.45,N,0,30084.00,-0.07,0.00
20120625,3.33,N,0,29916.00,-0.10,-0.00
20120626,3.34,N,0,29930.00,-0.09,-0.00
20120627,3.37,N,0,29972.00,-0.09,-0.00
20120628,3.32,N,0,29902.00,-0.10,-0.00
20120629,3.39,N,0,30000.00,-0.08,0.00
20120702,3.39,N,0,30000.00,-0.08,0.00
20120703,3.46,N,0,30098.00,-0.06,0.00
20120704,3.45,N,0,30084.00,-0.07,0.00
20120705,3.36,N,0,29958.00,-0.09,-0.00
20120706,3.44,B,1400,30070.00,-0.07,0.00
20120709,3.36,N,0,29846.00,-0.09,-0.01
20120710,3.32,N,0,29734.00,-0.10,-0.01
20120711,3.33,N,0,29762.00,-0.10,-0.01
20120712,3.32,N,0,29734.00,-0.10,-0.01
20120713,3.23,N,0,29482.00,-0.12,-0.02
20120716,2.94,N,0,28670.00,-0.20,-0.04
20120717,2.96,N,0,28726.00,-0.20,-0.04
20120718,3.00,N,0,28838.00,-0.19,-0.04
20120719,3.03,N,0,28922.00,-0.18,-0.04
20120720,3.03,N,0,28922.00,-0.18,-0.04
20120723,3.03,N,0,28922.00,-0.18,-0.04
20120724,3.04,N,0,28950.00,-0.18,-0.04
20120725,3.06,N,0,29006.00,-0.17,-0.03
20120726,3.08,N,0,29062.00,-0.17,-0.03
20120727,3.06,N,0,29006.00,-0.17,-0.03
20120730,2.96,N,0,28726.00,-0.20,-0.04
20120731,2.88,N,0,28502.00,-0.22,-0.05
20120801,2.92,B,1700,28614.00,-0.21,-0.05
20120802,2.86,N,0,28344.00,-0.22,-0.06
20120803,2.95,N,0,28749.00,-0.20,-0.04
20120806,3.03,N,0,29109.00,-0.18,-0.03
20120807,3.04,N,0,29154.00,-0.18,-0.03
20120808,3.06,N,0,29244.00,-0.17,-0.03
20120809,3.11,N,0,29469.00,-0.16,-0.02
20120810,3.08,N,0,29334.00,-0.17,-0.02
20120813,3.02,N,0,29064.00,-0.18,-0.03
20120814,3.06,N,0,29244.00,-0.17,-0.03
20120815,3.05,N,0,29199.00,-0.17,-0.03
20120816,3.03,N,0,29109.00,-0.18,-0.03
20120817,3.00,B,1600,28974.00,-0.19,-0.03
20120820,3.01,N,0,29035.00,-0.18,-0.03
20120821,3.07,N,0,29401.00,-0.17,-0.02
20120822,3.07,N,0,29401.00,-0.17,-0.02
20120823,3.17,N,0,30011.00,-0.14,0.00
20120824,3.04,S,2000,29218.00,-0.18,-0.03
20120827,3.02,N,0,29136.00,-0.18,-0.03
20120828,3.07,B,1600,29341.00,-0.17,-0.02
20120829,3.08,N,0,29398.00,-0.17,-0.02
20120830,3.02,N,0,29056.00,-0.18,-0.03
20120831,3.04,B,1600,29170.00,-0.18,-0.03
20120903,3.12,N,0,29754.00,-0.15,-0.01
20120904,3.16,N,0,30046.00,-0.14,0.00
20120905,3.21,N,0,30411.00,-0.13,0.01
20120906,3.25,N,0,30703.00,-0.12,0.02
20120907,3.27,N,0,30849.00,-0.11,0.03
20120910,3.27,N,0,30849.00,-0.11,0.03
20120911,3.23,N,0,30557.00,-0.12,0.02
20120912,3.28,N,0,30922.00,-0.11,0.03
20120913,3.18,N,0,30192.00,-0.14,0.01
20120914,3.19,N,0,30265.00,-0.14,0.01
20120917,3.12,N,0,29754.00,-0.15,-0.01
20120918,3.12,N,0,29754.00,-0.15,-0.01
20120919,3.20,N,0,30338.00,-0.13,0.01
20120920,3.07,N,0,29389.00,-0.17,-0.02
20120921,3.05,N,0,29243.00,-0.17,-0.03
20120924,3.07,N,0,29389.00,-0.17,-0.02
20120925,3.04,N,0,29170.00,-0.18,-0.03
20120926,2.96,N,0,28586.00,-0.20,-0.05
20120927,3.02,N,0,29024.00,-0.18,-0.03
20120928,3.07,B,1600,29389.00,-0.17,-0.02
20121008,3.06,N,0,29300.00,-0.17,-0.02
20121009,3.16,N,0,30190.00,-0.14,0.01
20121010,3.19,N,0,30457.00,-0.14,0.02
20121011,3.13,N,0,29923.00,-0.15,-0.00
20121012,3.13,N,0,29923.00,-0.15,-0.00
20121015,3.03,N,0,29033.00,-0.18,-0.03
20121016,3.02,N,0,28944.00,-0.18,-0.04
20121017,3.04,N,0,29122.00,-0.18,-0.03
20121018,3.08,N,0,29478.00,-0.17,-0.02
20121019,3.09,N,0,29567.00,-0.16,-0.01
20121022,3.12,N,0,29834.00,-0.15,-0.01
20121023,3.11,N,0,29745.00,-0.16,-0.01
20121024,3.08,N,0,29478.00,-0.17,-0.02
20121025,3.04,N,0,29122.00,-0.18,-0.03
20121026,3.01,N,0,28855.00,-0.18,-0.04
20121029,3.02,N,0,28944.00,-0.18,-0.04
20121030,3.02,N,0,28944.00,-0.18,-0.04
20121031,3.03,B,0,29033.00,-0.18,-0.03
20121101,3.08,B,0,29478.00,-0.17,-0.02
20121102,3.09,N,0,29567.00,-0.16,-0.01
20121105,3.07,N,0,29389.00,-0.17,-0.02
20121106,3.04,N,0,29122.00,-0.18,-0.03
20121107,3.04,N,0,29122.00,-0.18,-0.03
20121108,2.99,N,0,28677.00,-0.19,-0.04
20121109,2.98,N,0,28588.00,-0.19,-0.05
20121112,3.03,N,0,29033.00,-0.18,-0.03
20121113,2.96,N,0,28410.00,-0.20,-0.05
20121114,2.99,N,0,28677.00,-0.19,-0.04
20121115,2.97,N,0,28499.00,-0.20,-0.05
20121116,2.92,N,0,28054.00,-0.21,-0.06
20121119,2.92,N,0,28054.00,-0.21,-0.06
20121120,2.92,N,0,28054.00,-0.21,-0.06
20121121,2.96,N,0,28410.00,-0.20,-0.05
20121122,2.96,N,0,28410.00,-0.20,-0.05
20121123,2.96,N,0,28410.00,-0.20,-0.05
20121126,2.92,N,0,28054.00,-0.21,-0.06
20121127,2.76,N,0,26630.00,-0.25,-0.11
20121128,2.73,N,0,26363.00,-0.26,-0.12
20121129,2.67,N,0,25829.00,-0.28,-0.14
20121130,2.69,N,0,26007.00,-0.27,-0.13
20121203,2.59,N,0,25117.00,-0.30,-0.16
20121204,2.63,N,0,25473.00,-0.29,-0.15
20121205,2.70,B,0,26096.00,-0.27,-0.13
20121206,2.70,N,0,26096.00,-0.27,-0.13
20121207,2.74,N,0,26452.00,-0.26,-0.12
20121210,2.78,N,0,26808.00,-0.25,-0.11
20121211,2.74,N,0,26452.00,-0.26,-0.12
20121212,2.74,N,0,26452.00,-0.26,-0.12
20121213,2.70,N,0,26096.00,-0.27,-0.13
20121214,2.86,N,0,27520.00,-0.22,-0.08
20121217,2.85,N,0,27431.00,-0.23,-0.09
20121218,2.84,N,0,27342.00,-0.23,-0.09
20121219,2.91,N,0,27965.00,-0.21,-0.07
20121220,3.06,B,0,29300.00,-0.17,-0.02
20121221,3.16,N,0,30190.00,-0.14,0.01
20121224,3.11,N,0,29745.00,-0.16,-0.01
20121225,3.19,N,0,30457.00,-0.14,0.02
20121226,3.32,N,0,31614.00,-0.10,0.05
20121227,3.15,N,0,30101.00,-0.15,0.00
20121228,3.16,N,0,30190.00,-0.14,0.01
20121231,3.16,N,0,30190.00,-0.14,0.01
20130104,3.17,N,0,30279.00,-0.14,0.01
20130107,3.18,N,0,30368.00,-0.14,0.01
20130108,3.20,N,0,30546.00,-0.13,0.02
20130109,3.17,N,0,30279.00,-0.14,0.01
20130110,3.17,N,0,30279.00,-0.14,0.01
20130111,3.10,N,0,29656.00,-0.16,-0.01
20130114,3.21,N,0,30635.00,-0.13,0.02
20130115,3.25,N,0,30991.00,-0.12,0.03
20130116,3.22,N,0,30724.00,-0.13,0.02
20130117,3.18,N,0,30368.00,-0.14,0.01
20130118,3.23,N,0,30813.00,-0.12,0.03
20130121,3.29,N,0,31347.00,-0.11,0.04
20130122,3.19,N,0,30457.00,-0.14,0.02
20130123,3.16,N,0,30190.00,-0.14,0.01
20130124,3.09,N,0,29567.00,-0.16,-0.01
20130125,3.07,N,0,29389.00,-0.17,-0.02
20130128,3.15,N,0,30101.00,-0.15,0.00
20130129,3.16,N,0,30190.00,-0.14,0.01
20130130,3.17,N,0,30279.00,-0.14,0.01
20130131,3.19,N,0,30457.00,-0.14,0.02
20130201,3.21,N,0,30635.00,-0.13,0.02
20130204,3.20,B,0,30546.00,-0.13,0.02
20130205,3.27,N,0,31169.00,-0.11,0.04
20130206,3.33,N,0,31703.00,-0.10,0.06
20130207,3.35,N,0,31881.00,-0.09,0.06
20130208,3.32,N,0,31614.00,-0.10,0.05
20130218,3.31,N,0,31525.00,-0.10,0.05
20130219,3.37,N,0,32059.00,-0.09,0.07
20130220,3.53,N,0,33483.00,-0.04,0.12
20130221,3.40,N,0,32326.00,-0.08,0.08
20130222,3.32,N,0,31614.00,-0.10,0.05
20130225,3.34,N,0,31792.00,-0.09,0.06
20130226,3.28,N,0,31258.00,-0.11,0.04
20130227,3.30,N,0,31436.00,-0.11,0.05
20130228,3.33,N,0,31703.00,-0.10,0.06
20130301,3.40,N,0,32326.00,-0.08,0.08
20130304,3.27,N,0,31169.00,-0.11,0.04
20130305,3.32,N,0,31614.00,-0.10,0.05
20130306,3.37,N,0,32059.00,-0.09,0.07
20130307,3.32,N,0,31614.00,-0.10,0.05
20130308,3.31,N,0,31525.00,-0.10,0.05
20130311,3.33,N,0,31703.00,-0.10,0.06
20130312,3.18,N,0,30368.00,-0.14,0.01
20130313,3.14,N,0,30012.00,-0.15,0.00
20130314,3.14,N,0,30012.00,-0.15,0.00
20130315,3.14,N,0,30012.00,-0.15,0.00
20130318,3.10,N,0,29656.00,-0.16,-0.01
20130319,3.09,N,0,29567.00,-0.16,-0.01
20130320,3.16,N,0,30190.00,-0.14,0.01
20130321,3.17,N,0,30279.00,-0.14,0.01
20130322,3.17,N,0,30279.00,-0.14,0.01
20130325,3.21,N,0,30635.00,-0.13,0.02
20130326,3.17,N,0,30279.00,-0.14,0.01
20130327,3.16,N,0,30190.00,-0.14,0.01
20130328,3.03,N,0,29033.00,-0.18,-0.03
20130329,3.03,N,0,29033.00,-0.18,-0.03
20130401,3.06,N,0,29300.00,-0.17,-0.02
20130402,3.05,N,0,29211.00,-0.17,-0.03
20130403,3.00,N,0,28766.00,-0.19,-0.04
20130408,3.00,N,0,28766.00,-0.19,-0.04
20130409,3.03,N,0,29033.00,-0.18,-0.03
20130410,3.03,N,0,29033.00,-0.18,-0.03
20130411,2.99,N,0,28677.00,-0.19,-0.04
20130412,2.96,N,0,28410.00,-0.20,-0.05
20130415,2.90,N,0,27876.00,-0.21,-0.07
20130416,2.95,N,0,28321.00,-0.20,-0.06
20130417,2.96,B,0,28410.00,-0.20,-0.05
20130418,3.01,N,0,28855.00,-0.18,-0.04
20130419,3.07,N,0,29389.00,-0.17,-0.02
20130422,3.07,N,0,29389.00,-0.17,-0.02
20130423,3.00,N,0,28766.00,-0.19,-0.04
20130424,3.05,N,0,29211.00,-0.17,-0.03
20130425,3.02,N,0,28944.00,-0.18,-0.04
20130426,2.97,N,0,28499.00,-0.20,-0.05
20130502,2.98,N,0,28588.00,-0.19,-0.05
20130503,3.05,N,0,29211.00,-0.17,-0.03
20130506,3.13,N,0,29923.00,-0.15,-0.00
20130507,3.10,N,0,29656.00,-0.16,-0.01
20130508,3.13,B,0,29923.00,-0.15,-0.00
20130509,3.14,N,0,30012.00,-0.15,0.00
20130510,3.16,N,0,30190.00,-0.14,0.01
20130513,3.20,N,0,30546.00,-0.13,0.02
20130514,3.16,N,0,30190.00,-0.14,0.01
20130515,3.22,N,0,30724.00,-0.13,0.02
20130516,3.24,N,0,30902.00,-0.12,0.03
20130517,3.29,N,0,31347.00,-0.11,0.04
20130520,3.36,N,0,31970.00,-0.09,0.07
20130521,3.40,N,0,32326.00,-0.08,0.08
20130522,3.32,N,0,31614.00,-0.10,0.05
20130523,3.29,N,0,31347.00,-0.11,0.04
20130524,3.36,N,0,31970.00,-0.09,0.07
20130527,3.38,N,0,32148.00,-0.08,0.07
20130528,3.39,N,0,32237.00,-0.08,0.07
20130529,3.42,N,0,32504.00,-0.07,0.08
20130530,3.46,N,0,32860.00,-0.06,0.10
20130531,3.44,N,0,32682.00,-0.07,0.09
20130603,3.42,N,0,32504.00,-0.07,0.08
20130604,3.34,N,0,31792.00,-0.09,0.06
20130605,3.47,N,0,32949.00,-0.06,0.10
20130606,3.29,N,0,31347.00,-0.11,0.04
20130607,3.19,N,0,30457.00,-0.14,0.02
20130613,3.08,N,0,29478.00,-0.17,-0.02
20130614,3.16,B,0,30190.00,-0.14,0.01
20130617,3.16,N,0,30190.00,-0.14,0.01
20130618,3.14,N,0,30012.00,-0.15,0.00
20130619,3.12,N,0,29834.00,-0.15,-0.01
20130620,3.04,N,0,29122.00,-0.18,-0.03
20130621,3.07,N,0,29389.00,-0.17,-0.02
20130624,2.90,N,0,27876.00,-0.21,-0.07
20130625,2.91,N,0,27965.00,-0.21,-0.07
20130626,2.95,N,0,28321.00,-0.20,-0.06
20130627,2.87,N,0,27609.00,-0.22,-0.08
20130628,2.88,N,0,27698.00,-0.22,-0.08
20130701,2.94,B,0,28232.00,-0.20,-0.06
20130702,3.00,N,0,28766.00,-0.19,-0.04
20130703,2.99,N,0,28677.00,-0.19,-0.04
20130704,3.02,N,0,28944.00,-0.18,-0.04
20130705,3.01,N,0,28855.00,-0.18,-0.04
20130708,2.87,N,0,27609.00,-0.22,-0.08
20130709,2.89,N,0,27787.00,-0.22,-0.07
20130710,2.97,N,0,28499.00,-0.20,-0.05
20130711,3.04,N,0,29122.00,-0.18,-0.03
20130712,2.99,N,0,28677.00,-0.19,-0.04
20130715,3.06,N,0,29300.00,-0.17,-0.02
20130716,3.15,N,0,30101.00,-0.15,0.00
20130717,3.10,B,0,29656.00,-0.16,-0.01
20130718,3.08,N,0,29478.00,-0.17,-0.02
20130719,3.03,N,0,29033.00,-0.18,-0.03
20130722,3.09,N,0,29567.00,-0.16,-0.01
20130723,3.14,B,0,30012.00,-0.15,0.00
20130724,3.14,N,0,30012.00,-0.15,0.00
20130725,3.07,N,0,29389.00,-0.17,-0.02
20130726,3.09,N,0,29567.00,-0.16,-0.01
20130729,3.15,N,0,30101.00,-0.15,0.00
20130730,3.15,N,0,30101.00,-0.15,0.00
20130731,3.19,N,0,30457.00,-0.14,0.02
20130801,3.24,N,0,30902.00,-0.12,0.03
20130802,3.22,N,0,30724.00,-0.13,0.02
20130805,3.27,N,0,31169.00,-0.11,0.04
20130806,3.32,N,0,31614.00,-0.10,0.05
20130807,3.23,N,0,30813.00,-0.12,0.03
20130808,3.27,N,0,31169.00,-0.11,0.04
20130809,3.32,N,0,31614.00,-0.10,0.05
20130812,3.32,N,0,31614.00,-0.10,0.05
20130813,3.32,N,0,31614.00,-0.10,0.05
20130814,3.29,N,0,31347.00,-0.11,0.04
20130815,3.23,N,0,30813.00,-0.12,0.03
20130816,3.18,N,0,30368.00,-0.14,0.01
20130819,3.27,N,0,31169.00,-0.11,0.04
20130820,3.32,N,0,31614.00,-0.10,0.05
20130821,3.36,N,0,31970.00,-0.09,0.07
20130822,3.35,N,0,31881.00,-0.09,0.06
20130823,3.31,N,0,31525.00,-0.10,0.05
20130826,3.36,N,0,31970.00,-0.09,0.07
20130827,3.36,N,0,31970.00,-0.09,0.07
20130828,3.28,N,0,31258.00,-0.11,0.04
20130829,3.29,N,0,31347.00,-0.11,0.04
20130830,3.27,N,0,31169.00,-0.11,0.04
20130902,3.30,N,0,31436.00,-0.11,0.05
20130903,3.35,N,0,31881.00,-0.09,0.06
20130904,3.33,N,0,31703.00,-0.10,0.06
20130905,3.29,S,2900,31347.00,-0.11,0.04
20130906,3.40,N,0,32007.00,-0.08,0.07
20130909,3.40,N,0,32007.00,-0.08,0.07
20130910,3.51,N,0,32667.00,-0.05,0.09
20130911,3.53,N,0,32787.00,-0.04,0.09
20130912,3.74,N,0,34047.00,0.01,0.13
20130913,3.64,N,0,33447.00,-0.01,0.11
20130916,3.73,N,0,33987.00,0.01,0.13
20130917,3.68,N,0,33687.00,-0.00,0.12
20130918,3.69,N,0,33747.00,0.00,0.12
20130923,3.68,N,0,33687.00,-0.00,0.12
20130924,3.76,N,0,34167.00,0.02,0.14
20130925,3.75,N,0,34107.00,0.02,0.14
20130926,3.76,N,0,34167.00,0.02,0.14
20130927,3.93,N,0,35187.00,0.07,0.17
20130930,3.98,N,0,35487.00,0.08,0.18
20131008,4.02,N,0,35727.00,0.09,0.19
20131009,3.96,S,2000,35367.00,0.07,0.18
20131010,3.87,N,0,35007.00,0.05,0.17
20131011,3.90,N,0,35127.00,0.06,0.17
20131014,3.94,N,0,35287.00,0.07,0.18
20131015,3.81,N,0,34767.00,0.03,0.16
20131016,3.69,N,0,34287.00,0.00,0.14
20131017,3.76,N,0,34567.00,0.02,0.15
20131018,3.84,N,0,34887.00,0.04,0.16
20131021,3.96,N,0,35367.00,0.07,0.18
20131022,4.08,N,0,35847.00,0.11,0.19
20131023,4.18,N,0,36247.00,0.13,0.21
20131024,4.10,N,0,35927.00,0.11,0.20
20131025,3.95,N,0,35327.00,0.07,0.18
20131028,3.96,N,0,35367.00,0.07,0.18
20131029,4.07,N,0,35807.00,0.10,0.19
20131030,4.40,N,0,37127.00,0.19,0.24
20131031,4.34,N,0,36887.00,0.18,0.23
20131101,4.52,N,0,37607.00,0.22,0.25
20131104,4.54,N,0,37687.00,0.23,0.26
20131105,4.46,N,0,37367.00,0.21,0.25
20131106,4.35,N,0,36927.00,0.18,0.23
20131107,4.43,N,0,37247.00,0.20,0.24
20131108,4.33,S,1300,36847.00,0.17,0.23
20131111,4.43,N,0,37117.00,0.20,0.24
20131112,4.40,N,0,37036.00,0.19,0.23
20131113,4.27,N,0,36685.00,0.16,0.22
20131114,4.51,N,0,37333.00,0.22,0.24
20131115,4.63,N,0,37657.00,0.25,0.26
20131118,4.64,N,0,37684.00,0.26,0.26
20131119,4.72,N,0,37900.00,0.28,0.26
20131120,4.67,N,0,37765.00,0.27,0.26
20131121,4.58,N,0,37522.00,0.24,0.25
20131122,4.58,N,0,37522.00,0.24,0.25
20131125,4.76,N,0,38008.00,0.29,0.27
20131126,4.63,N,0,37657.00,0.25,0.26
20131127,4.73,N,0,37927.00,0.28,0.26
20131128,4.73,N,0,37927.00,0.28,0.26
20131129,5.00,N,0,38656.00,0.36,0.29
20131202,4.50,S,900,37306.00,0.22,0.24
20131203,4.54,N,0,37378.00,0.23,0.25
20131204,4.83,N,0,37900.00,0.31,0.26
20131205,4.84,N,0,37918.00,0.31,0.26
20131206,4.56,N,0,37414.00,0.24,0.25
20131209,4.94,N,0,38098.00,0.34,0.27
20131210,5.03,N,0,38260.00,0.36,0.28
20131211,4.95,N,0,38116.00,0.34,0.27
20131212,5.25,N,0,38656.00,0.42,0.29
20131213,5.77,N,0,39592.00,0.56,0.32
20131216,5.86,N,0,39754.00,0.59,0.33
20131217,5.31,S,900,38764.00,0.44,0.29
20131218,5.36,N,0,38809.00,0.45,0.29
20131219,5.19,N,0,38656.00,0.41,0.29
20131220,5.11,N,0,38584.00,0.38,0.29
20131223,5.13,N,0,38602.00,0.39,0.29
20131224,5.20,N,0,38665.00,0.41,0.29
20131225,5.48,N,0,38917.00,0.49,0.30
20131226,5.18,S,400,38647.00,0.40,0.29
20131227,5.36,N,0,38737.00,0.45,0.29
20131230,5.63,N,0,38872.00,0.53,0.30
20131231,5.57,N,0,38842.00,0.51,0.29
20140102,5.66,N,0,38887.00,0.53,0.30
20140103,5.63,N,0,38872.00,0.53,0.30
20140106,5.30,N,0,38707.00,0.44,0.29
20140107,5.39,N,0,38752.00,0.46,0.29
20140108,5.23,N,0,38672.00,0.42,0.29
20140109,4.96,N,0,38537.00,0.34,0.28
20140110,4.62,N,0,38367.00,0.25,0.28
20140113,4.70,N,0,38407.00,0.27,0.28
20140114,4.76,N,0,38437.00,0.29,0.28
20140115,4.79,N,0,38452.00,0.30,0.28
20140116,4.74,N,0,38427.00,0.28,0.28
20140117,4.58,N,0,38347.00,0.24,0.28
20140120,4.61,N,0,38362.00,0.25,0.28
20140121,4.66,N,0,38387.00,0.26,0.28
20140122,4.79,N,0,38452.00,0.30,0.28
20140123,4.78,N,0,38447.00,0.30,0.28
20140124,4.91,N,0,38512.00,0.33,0.28
20140127,4.86,N,0,38487.00,0.32,0.28
20140128,4.73,N,0,38422.00,0.28,0.28
20140129,4.90,N,0,38507.00,0.33,0.28
20140130,4.86,N,0,38487.00,0.32,0.28
20140207,5.01,N,0,38562.00,0.36,0.29
20140210,5.19,N,0,38652.00,0.41,0.29
20140211,5.22,N,0,38667.00,0.41,0.29
20140212,5.29,N,0,38702.00,0.43,0.29
20140213,5.07,N,0,38592.00,0.37,0.29
20140214,5.20,N,0,38657.00,0.41,0.29
20140217,5.46,B,900,38787.00,0.48,0.29
20140218,5.52,N,0,38871.00,0.50,0.30
20140219,5.51,N,0,38857.00,0.49,0.30
20140220,5.32,N,0,38591.00,0.44,0.29
20140221,5.23,N,0,38465.00,0.42,0.28
20140224,5.54,N,0,38899.00,0.50,0.30
20140225,5.36,N,0,38647.00,0.45,0.29
20140226,5.67,N,0,39081.00,0.54,0.30
20140227,5.59,N,0,38969.00,0.51,0.30
20140228,5.43,N,0,38745.00,0.47,0.29
20140303,5.56,N,0,38927.00,0.51,0.30
20140304,5.32,N,0,38591.00,0.44,0.29
20140305,5.14,N,0,38339.00,0.39,0.28
20140306,5.21,N,0,38437.00,0.41,0.28
20140307,5.04,N,0,38199.00,0.37,0.27
20140310,4.77,N,0,37821.00,0.29,0.26
20140311,4.82,N,0,37891.00,0.31,0.26
20140312,4.69,N,0,37709.00,0.27,0.26
20140313,4.78,N,0,37835.00,0.30,0.26
20140314,4.78,N,0,37835.00,0.30,0.26
20140317,4.90,N,0,38003.00,0.33,0.27
20140318,4.89,N,0,37989.00,0.33,0.27
20140319,4.78,N,0,37835.00,0.30,0.26
20140320,4.59,N,0,37569.00,0.24,0.25
20140321,4.67,N,0,37681.00,0.27,0.26
20140324,4.70,N,0,37723.00,0.27,0.26
20140325,4.70,N,0,37723.00,0.27,0.26
20140326,4.75,B,1000,37793.00,0.29,0.26
20140327,4.57,N,0,37361.00,0.24,0.25
20140328,4.37,N,0,36881.00,0.18,0.23
20140331,4.35,N,0,36833.00,0.18,0.23
20140401,4.42,N,0,37001.00,0.20,0.23
20140402,4.35,N,0,36833.00,0.18,0.23
20140403,4.40,N,0,36953.00,0.19,0.23
20140404,4.52,N,0,37241.00,0.22,0.24
20140408,4.56,N,0,37337.00,0.24,0.24
20140409,4.58,N,0,37385.00,0.24,0.25
20140410,4.60,N,0,37433.00,0.25,0.25
20140411,4.51,N,0,37217.00,0.22,0.24
20140414,4.61,N,0,37457.00,0.25,0.25
20140415,4.55,N,0,37313.00,0.23,0.24
20140416,4.55,N,0,37313.00,0.23,0.24
20140417,4.59,N,0,37409.00,0.24,0.25
20140418,4.66,N,0,37577.00,0.26,0.25
20140421,4.53,N,0,37265.00,0.23,0.24
20140422,4.48,N,0,37145.00,0.21,0.24
20140423,4.43,N,0,37025.00,0.20,0.23
20140424,4.43,N,0,37025.00,0.20,0.23
20140425,4.33,N,0,36785.00,0.17,0.23
20140428,4.06,N,0,36137.00,0.10,0.20
20140429,4.11,N,0,36257.00,0.11,0.21
20140430,4.18,N,0,36425.00,0.13,0.21
20140505,4.21,N,0,36497.00,0.14,0.22
20140506,4.22,N,0,36521.00,0.14,0.22
20140507,4.17,N,0,36401.00,0.13,0.21
20140508,4.19,N,0,36449.00,0.14,0.21
20140509,4.17,N,0,36401.00,0.13,0.21
20140512,4.30,N,0,36713.00,0.17,0.22
20140513,4.27,N,0,36641.00,0.16,0.22
20140514,4.27,N,0,36641.00,0.16,0.22
20140515,4.20,N,0,36473.00,0.14,0.22
20140516,4.17,N,0,36401.00,0.13,0.21
20140519,4.19,N,0,36449.00,0.14,0.21
20140520,4.21,N,0,36497.00,0.14,0.22
20140521,4.27,N,0,36641.00,0.16,0.22
20140522,4.27,N,0,36641.00,0.16,0.22
20140523,4.30,N,0,36713.00,0.17,0.22
20140526,4.34,N,0,36809.00,0.18,0.23
20140527,4.34,N,0,36809.00,0.18,0.23
20140528,4.61,B,1000,37457.00,0.25,0.25
20140529,4.46,N,0,36947.00,0.21,0.23
20140530,4.44,N,0,36879.00,0.20,0.23
20140603,4.45,N,0,36913.00,0.21,0.23
20140604,4.35,N,0,36573.00,0.18,0.22
20140605,4.44,N,0,36879.00,0.20,0.23
20140606,4.46,N,0,36947.00,0.21,0.23
20140609,4.47,N,0,36981.00,0.21,0.23
20140610,4.52,N,0,37151.00,0.22,0.24
20140611,4.58,N,0,37355.00,0.24,0.25
20140612,4.53,N,0,37185.00,0.23,0.24
20140613,4.60,N,0,37423.00,0.25,0.25
20140616,4.59,N,0,37389.00,0.24,0.25
20140617,4.52,N,0,37151.00,0.22,0.24
20140618,4.47,N,0,36981.00,0.21,0.23
20140619,4.36,N,0,36607.00,0.18,0.22
20140620,4.44,N,0,36879.00,0.20,0.23
20140623,4.55,N,0,37253.00,0.23,0.24
20140624,4.59,N,0,37389.00,0.24,0.25
20140625,4.54,N,0,37219.00,0.23,0.24
20140626,4.65,N,0,37593.00,0.26,0.25
20140627,4.75,N,0,37933.00,0.29,0.26
20140630,4.75,N,0,37933.00,0.29,0.26
20140701,4.75,N,0,37933.00,0.29,0.26
20140702,4.79,N,0,38069.00,0.30,0.27
20140703,4.77,N,0,38001.00,0.29,0.27
20140704,4.75,N,0,37933.00,0.29,0.26
20140707,4.75,N,0,37933.00,0.29,0.26
20140708,4.83,N,0,38205.00,0.31,0.27
20140709,4.71,N,0,37797.00,0.28,0.26
20140710,4.75,N,0,37933.00,0.29,0.26
20140711,4.85,N,0,38273.00,0.31,0.28
20140714,5.00,N,0,38783.00,0.36,0.29
20140715,4.94,N,0,38579.00,0.34,0.29
20140716,4.90,N,0,38443.00,0.33,0.28
20140717,4.86,N,0,38307.00,0.32,0.28
20140718,4.88,N,0,38375.00,0.32,0.28
20140721,4.83,N,0,38205.00,0.31,0.27
20140722,4.85,N,0,38273.00,0.31,0.28
20140723,4.75,N,0,37933.00,0.29,0.26
20140724,4.74,N,0,37899.00,0.28,0.26
20140725,4.80,N,0,38103.00,0.30,0.27
20140728,4.88,N,0,38375.00,0.32,0.28
20140729,4.90,N,0,38443.00,0.33,0.28
20140730,4.90,N,0,38443.00,0.33,0.28
20140731,4.95,N,0,38613.00,0.34,0.29
20140801,4.86,N,0,38307.00,0.32,0.28
20140804,4.96,N,0,38647.00,0.34,0.29
20140805,4.98,N,0,38715.00,0.35,0.29
20140806,4.98,N,0,38715.00,0.35,0.29
20140807,4.91,S,1100,38477.00,0.33,0.28
20140808,4.96,N,0,38592.00,0.34,0.29
20140811,5.09,N,0,38891.00,0.38,0.30
20140812,5.11,N,0,38937.00,0.38,0.30
20140813,5.12,N,0,38960.00,0.39,0.30
20140814,5.07,N,0,38845.00,0.37,0.29
20140815,5.16,N,0,39052.00,0.40,0.30
20140818,5.37,N,0,39535.00,0.46,0.32
20140819,5.34,N,0,39466.00,0.45,0.32
20140820,5.34,N,0,39466.00,0.45,0.32
20140821,5.35,N,0,39489.00,0.45,0.32
20140822,5.43,N,0,39673.00,0.47,0.32
20140825,5.37,N,0,39535.00,0.46,0.32
20140826,5.21,S,1100,39167.00,0.41,0.31
20140827,5.23,N,0,39191.00,0.42,0.31
20140828,5.15,N,0,39095.00,0.40,0.30
20140829,5.27,N,0,39239.00,0.43,0.31
20140901,5.37,N,0,39359.00,0.46,0.31
20140902,5.42,N,0,39419.00,0.47,0.31
20140903,5.42,N,0,39419.00,0.47,0.31
20140904,5.46,N,0,39467.00,0.48,0.32
20140905,5.48,N,0,39491.00,0.49,0.32
20140909,5.49,N,0,39503.00,0.49,0.32
20140910,5.49,N,0,39503.00,0.49,0.32
20140911,5.57,N,0,39599.00,0.51,0.32
20140912,5.71,N,0,39767.00,0.55,0.33
20140915,5.96,N,0,40067.00,0.62,0.34
20140916,5.87,S,600,39959.00,0.59,0.33
20140917,6.16,N,0,40133.00,0.67,0.34
20140918,6.47,N,0,40319.00,0.75,0.34
20140919,6.48,N,0,40325.00,0.76,0.34
20140922,6.27,S,300,40199.00,0.70,0.34
20140923,6.50,N,0,40268.00,0.76,0.34
20140924,6.71,N,0,40331.00,0.82,0.34
20140925,6.52,S,100,40274.00,0.77,0.34
20140926,6.77,N,0,40324.00,0.83,0.34
20140929,7.01,N,0,40372.00,0.90,0.35
20140930,7.01,N,0,40372.00,0.90,0.35
20141008,6.99,N,0,40368.00,0.89,0.35
20141009,6.80,N,0,40330.00,0.84,0.34
20141010,6.65,S,100,40300.00,0.80,0.34
20141013,6.55,N,0,40290.00,0.78,0.34
20141014,6.59,N,0,40294.00,0.79,0.34
20141015,6.55,N,0,40290.00,0.78,0.34
20141016,6.42,N,0,40277.00,0.74,0.34
20141017,6.44,N,0,40279.00,0.75,0.34
20141020,6.61,N,0,40296.00,0.79,0.34
20141021,6.61,N,0,40296.00,0.79,0.34
20141022,6.43,N,0,40278.00,0.74,0.34
20141023,6.45,N,0,40280.00,0.75,0.34
20141024,6.54,N,0,40289.00,0.77,0.34
20141027,6.73,N,0,40308.00,0.82,0.34
20141028,7.23,N,0,40358.00,0.96,0.35
20141029,7.42,N,0,40377.00,1.01,0.35
20141030,7.50,N,0,40385.00,1.03,0.35
20141031,7.59,N,0,40394.00,1.06,0.35
20141103,7.55,N,0,40390.00,1.05,0.35
20141104,7.46,N,0,40381.00,1.02,0.35
20141105,7.63,N,0,40398.00,1.07,0.35
20141106,7.65,N,0,40400.00,1.07,0.35
20141107,7.77,N,0,40412.00,1.11,0.35
20141110,7.91,N,0,40426.00,1.14,0.35
20141111,7.56,N,0,40391.00,1.05,0.35
20141112,7.44,N,0,40379.00,1.02,0.35
20141113,7.24,S,100,40359.00,0.96,0.35
20141114,7.27,N,0,40359.00,0.97,0.35
20141117,7.17,N,0,40359.00,0.94,0.35
20141118,7.04,N,0,40359.00,0.91,0.35
20141119,7.06,N,0,40359.00,0.91,0.35
20141120,7.09,N,0,40359.00,0.92,0.35
20141121,7.21,N,0,40359.00,0.95,0.35
20141124,7.32,N,0,40359.00,0.98,0.35
20141125,7.36,N,0,40359.00,0.99,0.35
20141126,7.30,N,0,40359.00,0.98,0.35
20141127,7.12,N,0,40359.00,0.93,0.35
20141128,7.13,N,0,40359.00,0.93,0.35
20141201,6.92,N,0,40359.00,0.88,0.35
20141202,7.04,N,0,40359.00,0.91,0.35
20141203,7.06,N,0,40359.00,0.91,0.35
20141204,7.08,N,0,40359.00,0.92,0.35
20141205,6.77,N,0,40359.00,0.83,0.35
20141208,6.72,N,0,40359.00,0.82,0.35
20141209,6.24,N,0,40359.00,0.69,0.35
20141210,6.48,N,0,40359.00,0.76,0.35
20141211,6.54,N,0,40359.00,0.77,0.35
20141212,6.59,N,0,40359.00,0.79,0.35
20141215,6.78,N,0,40359.00,0.84,0.35
20141216,6.71,N,0,40359.00,0.82,0.35
20141217,6.59,N,0,40359.00,0.79,0.35
20141218,6.47,N,0,40359.00,0.75,0.35
20141219,6.30,N,0,40359.00,0.71,0.35
20141222,6.00,N,0,40359.00,0.63,0.35
20141223,6.02,N,0,40359.00,0.63,0.35
20141224,6.36,B,700,40359.00,0.72,0.35
20141225,6.62,N,0,40541.00,0.79,0.35
20141226,6.71,N,0,40604.00,0.82,0.35
20141229,6.58,N,0,40513.00,0.78,0.35
20141230,6.47,N,0,40436.00,0.75,0.35
20141231,6.52,N,0,40471.00,0.77,0.35
20150105,6.59,N,0,40520.00,0.79,0.35
20150106,6.73,N,0,40618.00,0.82,0.35
20150107,6.72,N,0,40611.00,0.82,0.35
20150108,6.60,N,0,40527.00,0.79,0.35
20150109,6.53,N,0,40478.00,0.77,0.35
20150112,6.35,N,0,40352.00,0.72,0.35
20150113,6.48,N,0,40443.00,0.76,0.35
20150114,6.52,B,700,40471.00,0.77,0.35
20150115,6.62,N,0,40611.00,0.79,0.35
20150116,6.62,N,0,40611.00,0.79,0.35
20150119,6.56,N,0,40527.00,0.78,0.35
20150120,6.82,N,0,40891.00,0.85,0.36
20150121,6.93,N,0,41045.00,0.88,0.37
20150122,6.95,N,0,41073.00,0.88,0.37
20150123,6.89,N,0,40989.00,0.87,0.37
20150126,6.89,N,0,40989.00,0.87,0.37
20150127,6.91,N,0,41017.00,0.87,0.37
20150128,6.91,N,0,41017.00,0.87,0.37
20150129,6.74,N,0,40779.00,0.83,0.36
20150130,6.62,N,0,40611.00,0.79,0.35
20150202,6.60,N,0,40583.00,0.79,0.35
20150203,6.72,B,700,40751.00,0.82,0.36
20150204,6.57,S,700,40436.00,0.78,0.35
20150205,6.51,N,0,40352.00,0.76,0.35
20150206,6.37,N,0,40156.00,0.73,0.34
20150209,6.38,N,0,40170.00,0.73,0.34
20150210,6.49,N,0,40324.00,0.76,0.34
20150211,6.51,N,0,40352.00,0.76,0.35
20150212,6.58,B,700,40450.00,0.78,0.35
20150213,6.72,N,0,40744.00,0.82,0.36
20150216,6.83,N,0,40975.00,0.85,0.37
20150217,6.81,N,0,40933.00,0.85,0.36
20150225,6.76,N,0,40828.00,0.83,0.36
20150226,6.88,N,0,41080.00,0.86,0.37
20150227,6.98,N,0,41290.00,0.89,0.38
20150302,6.94,N,0,41206.00,0.88,0.37
20150303,7.09,N,0,41521.00,0.92,0.38
20150304,7.10,N,0,41542.00,0.92,0.38
20150305,7.02,N,0,41374.00,0.90,0.38
20150306,7.01,N,0,41353.00,0.90,0.38
20150323,7.71,N,0,42823.00,1.09,0.43
20150324,7.87,N,0,43159.00,1.13,0.44
20150325,7.83,N,0,43075.00,1.12,0.44
20150326,7.50,N,0,42382.00,1.03,0.41
20150327,7.58,N,0,42550.00,1.05,0.42
20150330,7.66,N,0,42718.00,1.08,0.42
20150331,7.59,N,0,42571.00,1.06,0.42
20150401,7.89,N,0,43201.00,1.14,0.44
20150402,8.39,N,0,44251.00,1.27,0.48
20150403,8.38,N,0,44230.00,1.27,0.47
20150407,8.53,N,0,44545.00,1.31,0.48
20150408,8.40,N,0,44272.00,1.28,0.48
20150409,8.08,S,700,43600.00,1.19,0.45
20150410,8.78,N,0,44580.00,1.38,0.49
20151112,9.66,N,0,45812.00,1.62,0.53
20151113,10.62,N,0,47156.00,1.88,0.57
20151116,11.68,N,0,48640.00,2.17,0.62
20151117,12.85,N,0,50278.00,2.48,0.68
20151118,14.13,N,0,52070.00,2.83,0.74
20151119,15.55,N,0,54058.00,3.21,0.80
20151120,17.10,N,0,56228.00,3.63,0.87
20151123,18.82,N,0,58636.00,4.10,0.95
20151124,19.61,N,0,59742.00,4.31,0.99
20151125,19.52,N,0,59616.00,4.29,0.99
20151126,20.10,N,0,60428.00,4.45,1.01
20151127,19.76,N,0,59952.00,4.36,1.00
20151130,18.89,N,0,58734.00,4.12,0.96
20151201,18.35,N,0,57978.00,3.97,0.93
20151202,17.27,N,0,56466.00,3.68,0.88
20151203,17.43,N,0,56690.00,3.72,0.89
20151204,17.31,N,0,56522.00,3.69,0.88
20151207,17.98,N,0,57460.00,3.87,0.92
20151208,18.52,N,0,58216.00,4.02,0.94
20151209,17.58,N,0,56900.00,3.76,0.90
20151210,17.68,N,0,57040.00,3.79,0.90
20151211,16.38,N,0,55220.00,3.44,0.84
20151214,17.03,N,0,56130.00,3.62,0.87
20151215,16.76,N,0,55752.00,3.54,0.86
20151216,17.22,N,0,56396.00,3.67,0.88
20151217,18.07,N,0,57586.00,3.90,0.92
20151218,17.70,N,0,57068.00,3.80,0.90
20151221,17.78,N,0,57180.00,3.82,0.91
20151222,18.50,N,0,58188.00,4.01,0.94
20151223,17.99,N,0,57474.00,3.88,0.92
20151224,16.94,N,0,56004.00,3.59,0.87
20151225,17.11,N,0,56242.00,3.64,0.87
20151228,17.09,N,0,56214.00,3.63,0.87
20151229,17.47,N,0,56746.00,3.73,0.89
20151230,17.61,N,0,56942.00,3.77,0.90
20151231,17.57,N,0,56886.00,3.76,0.90
20160104,15.81,N,0,54422.00,3.28,0.81
20160105,14.31,N,0,52322.00,2.88,0.74
20160106,14.78,N,0,52980.00,3.01,0.77
20160107,13.31,N,0,50922.00,2.61,0.70
20160108,13.31,N,0,50922.00,2.61,0.70
20160111,12.04,N,0,49144.00,2.26,0.64
20160112,12.60,N,0,49928.00,2.41,0.66
20160113,12.68,N,0,50040.00,2.44,0.67
20160114,13.78,N,0,51580.00,2.73,0.72
20160115,13.09,N,0,50614.00,2.55,0.69
20160126,12.79,N,0,50194.00,2.47,0.67
20160127,12.31,N,0,49522.00,2.34,0.65
20160128,11.99,N,0,49074.00,2.25,0.64
20160129,12.47,N,0,49746.00,2.38,0.66
20160201,11.66,N,0,48612.00,2.16,0.62
20160202,12.05,N,0,49158.00,2.27,0.64
20160203,12.00,N,0,49088.00,2.25,0.64
20160204,12.37,N,0,49606.00,2.35,0.65
20160205,13.01,N,0,50502.00,2.53,0.68
20160215,12.61,N,0,49942.00,2.42,0.66
20160216,13.25,N,0,50838.00,2.59,0.69
20160217,13.29,N,0,50894.00,2.60,0.70
20160218,13.06,N,0,50572.00,2.54,0.69
20160219,13.03,N,0,50530.00,2.53,0.68
20160222,13.58,N,0,51300.00,2.68,0.71
20160223,13.08,N,0,50600.00,2.54,0.69
20160224,13.21,N,0,50782.00,2.58,0.69
20160225,11.99,N,0,49074.00,2.25,0.64
20160226,11.60,N,0,48528.00,2.14,0.62
20160229,10.89,N,0,47534.00,1.95,0.58
20160301,11.27,N,0,48066.00,2.05,0.60
20160302,11.81,N,0,48822.00,2.20,0.63
20160303,11.81,N,0,48822.00,2.20,0.63
20160304,11.51,N,0,48402.00,2.12,0.61
20160307,11.88,N,0,48920.00,2.22,0.63
20160308,12.09,N,0,49214.00,2.28,0.64
20160309,12.23,N,0,49410.00,2.31,0.65
20160310,11.98,N,0,49060.00,2.25,0.64
20160311,11.99,B,400,49074.00,2.25,0.64
20160314,12.33,N,0,49686.00,2.34,0.66
20160315,12.24,N,0,49524.00,2.32,0.65
20160316,12.23,N,0,49506.00,2.31,0.65
20160317,12.49,N,0,49974.00,2.38,0.67
20160318,13.05,B,300,50982.00,2.54,0.70
20160321,14.35,N,0,53712.00,2.89,0.79
20160322,15.01,N,0,55098.00,3.07,0.84
20160323,15.18,N,0,55455.00,3.11,0.85
20160324,14.44,N,0,53901.00,2.91,0.80
20160325,14.47,N,0,53964.00,2.92,0.80
20160328,13.85,N,0,52662.00,2.75,0.76
20160329,13.24,N,0,51381.00,2.59,0.71
20160330,13.62,N,0,52179.00,2.69,0.74
20160331,13.79,N,0,52536.00,2.74,0.75
20160401,13.48,N,0,51885.00,2.65,0.73
20160405,14.83,N,0,54720.00,3.02,0.82
20160406,14.46,N,0,53943.00,2.92,0.80
20160407,14.28,N,0,53565.00,2.87,0.79
20160408,13.90,N,0,52767.00,2.77,0.76
20160411,14.21,N,0,53418.00,2.85,0.78
20160412,13.95,N,0,52872.00,2.78,0.76
20160413,14.46,N,0,53943.00,2.92,0.80
20160414,14.50,N,0,54027.00,2.93,0.80
20160415,14.58,N,0,54195.00,2.95,0.81
20160418,13.89,S,700,52746.00,2.76,0.76
20160419,13.92,N,0,52788.00,2.77,0.76
20160420,13.07,N,0,51598.00,2.54,0.72
20160421,13.12,N,0,51668.00,2.56,0.72
20160422,13.43,N,0,52102.00,2.64,0.74
20160425,13.33,N,0,51962.00,2.61,0.73
20160426,13.57,N,0,52298.00,2.68,0.74
20160427,13.28,N,0,51892.00,2.60,0.73
20160428,13.43,N,0,52102.00,2.64,0.74
20160429,13.41,N,0,52074.00,2.63,0.74
20160503,14.09,B,300,53026.00,2.82,0.77
20160504,13.92,N,0,52737.00,2.77,0.76
20160505,13.91,N,0,52720.00,2.77,0.76
20160506,13.08,N,0,51309.00,2.54,0.71
20160509,12.47,N,0,50272.00,2.38,0.68
20160510,12.59,N,0,50476.00,2.41,0.68
20160511,12.42,N,0,50187.00,2.37,0.67
20160512,12.50,B,400,50323.00,2.39,0.68
20160513,13.53,N,0,52486.00,2.67,0.75
20160516,13.41,N,0,52234.00,2.63,0.74
20160517,13.02,N,0,51415.00,2.53,0.71
20160518,12.70,N,0,50743.00,2.44,0.69
20160519,12.57,N,0,50470.00,2.41,0.68
20160520,12.45,N,0,50218.00,2.37,0.67
20160523,12.55,N,0,50428.00,2.40,0.68
20160524,12.84,B,300,51037.00,2.48,0.70
20160525,12.54,N,0,50317.00,2.40,0.68
20160526,12.49,N,0,50197.00,2.38,0.67
20160527,12.58,N,0,50413.00,2.41,0.68
20160530,12.31,N,0,49765.00,2.34,0.66
20160531,13.27,N,0,52069.00,2.60,0.74
20160601,13.14,N,0,51757.00,2.56,0.73
20160602,13.09,N,0,51637.00,2.55,0.72
20160603,13.37,N,0,52309.00,2.62,0.74
20160606,13.15,N,0,51781.00,2.56,0.73
20160607,13.18,N,0,51853.00,2.57,0.73
20160608,13.31,N,0,52165.00,2.61,0.74
20160613,12.42,N,0,50029.00,2.37,0.67
20160614,12.21,N,0,49525.00,2.31,0.65
20160615,12.43,N,0,50053.00,2.37,0.67
20160616,12.15,N,0,49381.00,2.29,0.65
20160617,12.30,B,400,49741.00,2.33,0.66
20160620,12.66,N,0,50749.00,2.43,0.69
20160621,12.56,N,0,50469.00,2.40,0.68
20160622,12.69,N,0,50833.00,2.44,0.69
20160623,12.39,N,0,49993.00,2.36,0.67
20160624,12.40,N,0,50021.00,2.36,0.67
20160627,12.85,B,300,51281.00,2.48,0.71
20160628,13.19,N,0,52335.00,2.57,0.74
20160629,12.95,N,0,51591.00,2.51,0.72
20160630,12.94,N,0,51560.00,2.51,0.72
20160701,12.82,N,0,51188.00,2.47,0.71
20160704,13.43,N,0,53079.00,2.64,0.77
20160705,14.01,N,0,54877.00,2.80,0.83
20160706,13.90,N,0,54536.00,2.77,0.82
20160707,13.81,N,0,54257.00,2.74,0.81
20160708,13.93,N,0,54629.00,2.78,0.82
20160711,13.86,N,0,54412.00,2.76,0.81
20160712,14.58,N,0,56644.00,2.95,0.89
20160713,14.69,N,0,56985.00,2.98,0.90
20160714,14.96,N,0,57822.00,3.05,0.93
20160715,14.65,N,0,56861.00,2.97,0.90
20160718,14.38,N,0,56024.00,2.90,0.87
20160719,14.87,N,0,57543.00,3.03,0.92
20160720,14.71,N,0,57047.00,2.99,0.90
20160721,14.66,N,0,56892.00,2.97,0.90
20160722,14.16,N,0,55342.00,2.84,0.84
20160725,14.19,N,0,55435.00,2.85,0.85
20160726,14.59,N,0,56675.00,2.95,0.89
20160727,13.63,N,0,53699.00,2.69,0.79
20160728,13.81,N,0,54257.00,2.74,0.81
20160729,13.50,N,0,53296.00,2.66,0.78
20160801,13.26,N,0,52552.00,2.59,0.75
20160802,13.52,N,0,53358.00,2.66,0.78
20160803,13.51,N,0,53327.00,2.66,0.78
20160804,13.62,N,0,53668.00,2.69,0.79
20160805,13.49,N,0,53265.00,2.66,0.78
20160808,13.78,N,0,54164.00,2.73,0.81
20160809,14.26,B,300,55652.00,2.86,0.86
20160810,14.23,N,0,55550.00,2.86,0.85
20160811,14.62,N,0,56876.00,2.96,0.90
20160812,14.74,N,0,57284.00,2.99,0.91
20160815,15.38,N,0,59460.00,3.17,0.98
20160816,15.73,N,0,60650.00,3.26,1.02
20160817,15.39,N,0,59494.00,3.17,0.98
20160818,14.95,N,0,57998.00,3.05,0.93
20160819,14.87,N,0,57726.00,3.03,0.92
20160822,14.53,N,0,56570.00,2.94,0.89
20160823,14.73,N,0,57250.00,2.99,0.91
20160824,14.46,N,0,56332.00,2.92,0.88
20160825,14.47,B,300,56366.00,2.92,0.88
20160826,14.79,N,0,57550.00,3.01,0.92
20160829,14.66,N,0,57069.00,2.97,0.90
20160830,14.55,N,0,56662.00,2.94,0.89
20160831,14.54,N,0,56625.00,2.94,0.89
20160901,14.29,N,0,55700.00,2.87,0.86
20160902,14.42,N,0,56181.00,2.91,0.87
20160905,14.44,N,0,56255.00,2.91,0.88
20160906,14.60,N,0,56847.00,2.96,0.89
20160907,14.47,N,0,56366.00,2.92,0.88
20160908,14.42,N,0,56181.00,2.91,0.87
20160909,14.39,N,0,56070.00,2.90,0.87
20160912,13.39,N,0,52370.00,2.63,0.75
20160913,13.31,N,0,52074.00,2.61,0.74
20160914,13.28,N,0,51963.00,2.60,0.73
20160919,13.42,N,0,52481.00,2.64,0.75
20160920,13.40,N,0,52407.00,2.63,0.75
20160921,13.61,N,0,53184.00,2.69,0.77
20160922,13.52,N,0,52851.00,2.66,0.76
20160923,13.52,N,0,52851.00,2.66,0.76
20160926,13.33,N,0,52148.00,2.61,0.74
20160927,13.39,N,0,52370.00,2.63,0.75
20160928,13.50,N,0,52777.00,2.66,0.76
20160929,13.76,N,0,53739.00,2.73,0.79
20160930,13.66,N,0,53369.00,2.70,0.78
20161010,13.91,N,0,54294.00,2.77,0.81
20161011,14.01,N,0,54664.00,2.80,0.82
20161012,14.34,N,0,55885.00,2.89,0.86
20161013,14.04,N,0,54775.00,2.80,0.83
20161014,13.91,N,0,54294.00,2.77,0.81
20161017,13.62,N,0,53221.00,2.69,0.77
20161018,14.00,N,0,54627.00,2.79,0.82
20161019,13.86,N,0,54109.00,2.76,0.80
20161020,14.34,N,0,55885.00,2.89,0.86
20161021,14.37,N,0,55996.00,2.89,0.87
20161024,14.60,N,0,56847.00,2.96,0.89
20161025,14.32,N,0,55811.00,2.88,0.86
20161026,14.11,N,0,55034.00,2.82,0.83
20161027,14.10,N,0,54997.00,2.82,0.83
20161028,14.18,N,0,55293.00,2.84,0.84
20161031,14.01,N,0,54664.00,2.80,0.82
20161101,14.54,N,0,56625.00,2.94,0.89
20161102,14.44,N,0,56255.00,2.91,0.88
20161103,14.68,N,0,57143.00,2.98,0.90
20161104,14.75,N,0,57402.00,3.00,0.91
20161107,15.64,N,0,60695.00,3.24,1.02
20161108,15.35,N,0,59622.00,3.16,0.99
20161109,15.09,N,0,58660.00,3.09,0.96
20161110,15.34,N,0,59585.00,3.16,0.99
20161111,15.67,N,0,60806.00,3.25,1.03
20161114,15.41,N,0,59844.00,3.18,0.99
20161115,15.14,N,0,58845.00,3.10,0.96
20161116,15.31,N,0,59474.00,3.15,0.98
20161117,15.10,S,1200,58697.00,3.09,0.96
20161118,15.11,N,0,58722.00,3.09,0.96
20161121,15.56,N,0,59847.00,3.22,0.99
20161122,17.12,N,0,63747.00,3.64,1.12
20161123,16.80,S,800,62947.00,3.55,1.10
20161124,17.87,N,0,64766.00,3.84,1.16
20161125,17.43,N,0,64018.00,3.72,1.13
20161128,17.03,N,0,63338.00,3.62,1.11
20161129,16.99,N,0,63270.00,3.60,1.11
20161130,17.43,N,0,64018.00,3.72,1.13
20161201,17.92,N,0,64851.00,3.86,1.16
20161202,17.79,N,0,64630.00,3.82,1.15
20161205,16.93,N,0,63168.00,3.59,1.11
20161206,17.20,N,0,63627.00,3.66,1.12
20161207,17.27,N,0,63746.00,3.68,1.12
20161208,16.73,S,500,62828.00,3.53,1.09
20161209,16.78,N,0,62888.00,3.55,1.10
20161212,15.22,N,0,61016.00,3.12,1.03
20161213,15.68,N,0,61568.00,3.25,1.05
20161214,15.54,N,0,61400.00,3.21,1.05
20161215,15.90,N,0,61832.00,3.31,1.06
20161216,15.92,N,0,61856.00,3.31,1.06
20161219,15.78,N,0,61688.00,3.28,1.06
20161220,15.76,N,0,61664.00,3.27,1.06
20161221,15.77,N,0,61676.00,3.27,1.06
20161222,15.50,N,0,61352.00,3.20,1.05
20161223,15.52,N,0,61376.00,3.21,1.05
20161226,15.83,N,0,61748.00,3.29,1.06
20161227,15.98,N,0,61928.00,3.33,1.06
20161228,16.11,N,0,62084.00,3.37,1.07
20161229,15.90,N,0,61832.00,3.31,1.06
20161230,16.12,N,0,62096.00,3.37,1.07
20170103,16.13,N,0,62108.00,3.37,1.07
20170104,16.09,N,0,62060.00,3.36,1.07
20170105,15.82,N,0,61736.00,3.29,1.06
20170106,15.22,N,0,61016.00,3.12,1.03
20170109,15.46,N,0,61304.00,3.19,1.04
20170110,15.41,N,0,61244.00,3.18,1.04
20170111,15.19,N,0,60980.00,3.12,1.03
20170112,15.21,N,0,61004.00,3.12,1.03
20170113,14.84,N,0,60560.00,3.02,1.02
20170331,13.36,N,0,58784.00,2.62,0.96
20170405,13.09,N,0,58460.00,2.55,0.95
20170406,12.77,N,0,58076.00,2.46,0.94
20170407,12.95,N,0,58292.00,2.51,0.94
20170410,12.65,N,0,57932.00,2.43,0.93
20170411,12.29,N,0,57500.00,2.33,0.92
20170412,12.23,N,0,57428.00,2.31,0.91
20170413,12.36,N,0,57584.00,2.35,0.92
20170414,12.25,N,0,57452.00,2.32,0.92
20170417,12.23,N,0,57428.00,2.31,0.91
20170418,12.37,N,0,57596.00,2.35,0.92
20170419,12.27,N,0,57476.00,2.33,0.92
20170420,12.43,B,400,57668.00,2.37,0.92
20170421,12.60,N,0,57940.00,2.41,0.93
20170424,12.64,N,0,58004.00,2.43,0.93
20170425,12.41,N,0,57636.00,2.36,0.92
20170426,12.22,N,0,57332.00,2.31,0.91
20170427,12.22,N,0,57332.00,2.31,0.91
20170428,12.21,N,0,57316.00,2.31,0.91
20170502,12.27,N,0,57412.00,2.33,0.91
20170503,12.27,N,0,57412.00,2.33,0.91
20170504,12.26,N,0,57396.00,2.32,0.91
20170505,12.21,N,0,57316.00,2.31,0.91
20170508,11.37,N,0,55972.00,2.08,0.87
20170509,11.38,N,0,55988.00,2.08,0.87
20170510,11.38,N,0,55988.00,2.08,0.87
20170511,11.37,N,0,55972.00,2.08,0.87
20170512,11.37,N,0,55972.00,2.08,0.87
20170515,11.06,N,0,55476.00,2.00,0.85
20170516,10.68,N,0,54868.00,1.89,0.83
20170517,10.68,N,0,54868.00,1.89,0.83
20170518,10.68,N,0,54868.00,1.89,0.83
20170519,10.66,N,0,54836.00,1.89,0.83
20170522,10.63,N,0,54788.00,1.88,0.83
20170523,10.60,N,0,54740.00,1.87,0.82
20170524,10.60,N,0,54740.00,1.87,0.82
20170525,10.73,N,0,54948.00,1.91,0.83
20170526,10.54,N,0,54644.00,1.86,0.82
20170531,10.55,N,0,54660.00,1.86,0.82
20170601,10.45,N,0,54500.00,1.83,0.82
20170602,10.47,N,0,54532.00,1.84,0.82
20170605,10.52,N,0,54612.00,1.85,0.82
20170606,10.62,N,0,54772.00,1.88,0.83
20170607,10.70,N,0,54900.00,1.90,0.83
20170608,11.34,N,0,55924.00,2.07,0.86
20170609,11.50,N,0,56180.00,2.12,0.87
20170612,11.83,N,0,56708.00,2.21,0.89
20170613,11.96,B,400,56916.00,2.24,0.90
20170614,12.38,N,0,57756.00,2.36,0.93
20170615,12.93,N,0,58856.00,2.50,0.96
20170616,12.65,N,0,58296.00,2.43,0.94
20170619,12.72,N,0,58436.00,2.45,0.95
20170620,12.44,N,0,57876.00,2.37,0.93
20170621,12.45,N,0,57896.00,2.37,0.93
20170622,12.44,N,0,57876.00,2.37,0.93
20170623,12.40,N,0,57796.00,2.36,0.93
20170626,12.41,N,0,57816.00,2.36,0.93
20170627,12.43,N,0,57856.00,2.37,0.93
20170628,12.60,N,0,58196.00,2.41,0.94
20170629,12.37,S,600,57736.00,2.35,0.92
20170630,12.21,N,0,57512.00,2.31,0.92
20170703,12.31,N,0,57652.00,2.34,0.92
20170704,12.16,N,0,57442.00,2.30,0.91
20170705,12.07,N,0,57316.00,2.27,0.91
20170706,12.28,N,0,57610.00,2.33,0.92
20170707,12.07,N,0,57316.00,2.27,0.91
20170710,11.91,N,0,57092.00,2.23,0.90
20170711,11.27,N,0,56196.00,2.05,0.87
20170712,11.31,N,0,56252.00,2.07,0.88
20170713,11.34,N,0,56294.00,2.07,0.88
20170714,11.63,N,0,56700.00,2.15,0.89
20170717,11.15,N,0,56028.00,2.02,0.87
20170718,11.32,N,0,56266.00,2.07,0.88
20170719,11.74,N,0,56854.00,2.18,0.90
20170720,11.51,N,0,56532.00,2.12,0.88
20170721,11.88,N,0,57050.00,2.22,0.90
20170724,11.92,N,0,57106.00,2.23,0.90
20170725,11.68,N,0,56770.00,2.17,0.89
20170726,11.57,N,0,56616.00,2.14,0.89
20170727,11.79,N,0,56924.00,2.20,0.90
20170728,11.68,N,0,56770.00,2.17,0.89
20170731,11.98,N,0,57190.00,2.25,0.91
20170801,12.20,N,0,57498.00,2.31,0.92
20170802,11.98,N,0,57190.00,2.25,0.91
20170803,12.35,B,400,57708.00,2.35,0.92
20170804,12.13,N,0,57312.00,2.29,0.91
20170807,12.40,B,400,57798.00,2.36,0.93
20170808,12.08,N,0,57094.00,2.27,0.90
20170809,11.98,N,0,56874.00,2.25,0.90
20170810,12.27,B,400,57512.00,2.33,0.92
20170811,11.81,N,0,56316.00,2.20,0.88
20170814,12.04,B,400,56914.00,2.26,0.90
20170815,11.91,N,0,56524.00,2.23,0.88
20170816,11.97,N,0,56704.00,2.24,0.89
20170817,11.73,N,0,55984.00,2.18,0.87
20170818,11.62,N,0,55654.00,2.15,0.86
20170821,12.01,N,0,56824.00,2.25,0.89
20170822,11.90,N,0,56494.00,2.22,0.88
20170823,11.91,N,0,56524.00,2.23,0.88
20170824,11.58,N,0,55534.00,2.14,0.85
20170825,11.78,N,0,56134.00,2.19,0.87
20170828,12.95,B,300,59644.00,2.51,0.99
20170829,14.25,N,0,63934.00,2.86,1.13
20170830,15.50,N,0,68059.00,3.20,1.27
20170831,16.42,N,0,71095.00,3.45,1.37
20170901,16.49,N,0,71326.00,3.47,1.38
20170904,17.63,N,0,75088.00,3.78,1.50
20170905,17.17,N,0,73570.00,3.65,1.45
20170906,17.12,N,0,73405.00,3.64,1.45
20170907,16.81,N,0,72382.00,3.56,1.41
20170908,17.17,N,0,73570.00,3.65,1.45
20170911,17.04,N,0,73141.00,3.62,1.44
20170912,17.58,N,0,74923.00,3.76,1.50
20170913,17.04,S,1100,73141.00,3.62,1.44
20170914,16.27,S,700,71447.00,3.41,1.38
20170915,16.18,N,0,71312.00,3.38,1.38
20170918,16.21,N,0,71357.00,3.39,1.38
20170919,16.40,N,0,71642.00,3.44,1.39
20170920,16.50,N,0,71792.00,3.47,1.39
20170921,15.94,N,0,70952.00,3.32,1.37
20170922,14.76,N,0,69182.00,3.00,1.31
20170925,14.51,N,0,68807.00,2.93,1.29
20170926,14.85,N,0,69317.00,3.02,1.31
20170927,14.77,N,0,69197.00,3.00,1.31
20170928,14.52,N,0,68822.00,2.93,1.29
20170929,14.93,N,0,69437.00,3.05,1.31
20171009,14.99,N,0,69527.00,3.06,1.32
20171010,14.76,N,0,69182.00,3.00,1.31
20171011,14.56,N,0,68882.00,2.95,1.30
20171012,14.87,N,0,69347.00,3.03,1.31
20171013,14.96,N,0,69482.00,3.05,1.32
20171016,14.94,B,300,69452.00,3.05,1.32
20171017,14.38,N,0,68444.00,2.90,1.28
20171018,14.15,N,0,68030.00,2.83,1.27
20171019,14.21,N,0,68138.00,2.85,1.27
20171020,14.94,N,0,69452.00,3.05,1.32
20171023,14.52,N,0,68696.00,2.93,1.29
20171024,14.69,N,0,69002.00,2.98,1.30
20171025,15.11,N,0,69758.00,3.09,1.33
20171026,15.86,N,0,71108.00,3.30,1.37
20171027,15.95,N,0,71270.00,3.32,1.38
20171030,14.52,N,0,68696.00,2.93,1.29
20171031,14.74,N,0,69092.00,2.99,1.30
20171101,14.57,N,0,68786.00,2.95,1.29
20171102,14.46,N,0,68588.00,2.92,1.29
20171103,13.92,N,0,67616.00,2.77,1.25
20171106,14.10,N,0,67940.00,2.82,1.26
20171107,14.94,B,300,69452.00,3.05,1.32
20171108,16.08,N,0,71846.00,3.36,1.39
20171109,16.82,N,0,73400.00,3.56,1.45
20171110,16.81,N,0,73379.00,3.56,1.45
20171113,16.71,N,0,73169.00,3.53,1.44
20171114,16.88,N,0,73526.00,3.57,1.45
20171115,16.21,N,0,72119.00,3.39,1.40
20171116,16.21,N,0,72119.00,3.39,1.40
20171117,15.85,N,0,71363.00,3.30,1.38
20171120,14.27,S,700,68045.00,2.87,1.27
20171121,15.70,N,0,70047.00,3.25,1.33
20171122,17.09,N,0,71993.00,3.63,1.40
20171123,16.36,N,0,70971.00,3.43,1.37
20171124,16.44,N,0,71083.00,3.46,1.37
20171127,15.29,N,0,69473.00,3.14,1.32
20171128,15.59,N,0,69893.00,3.22,1.33
20171129,16.73,N,0,71489.00,3.53,1.38
20171130,16.90,N,0,71727.00,3.58,1.39
20171201,17.28,N,0,72259.00,3.68,1.41
20171204,16.99,N,0,71853.00,3.60,1.40
20171205,17.47,N,0,72525.00,3.73,1.42
20171206,17.94,N,0,73183.00,3.86,1.44
20171207,17.21,N,0,72161.00,3.66,1.41
20171208,17.17,N,0,72105.00,3.65,1.40
20171211,17.19,N,0,72133.00,3.66,1.40
20171212,16.55,N,0,71237.00,3.49,1.37
20171213,16.79,N,0,71573.00,3.55,1.39
20171214,16.77,N,0,71545.00,3.54,1.38
20171215,17.01,N,0,71881.00,3.61,1.40
20171218,16.82,S,400,71615.00,3.56,1.39
20171219,16.61,N,0,71405.00,3.50,1.38
20171220,15.96,N,0,70755.00,3.33,1.36
20171221,15.98,N,0,70775.00,3.33,1.36
20171222,15.75,N,0,70545.00,3.27,1.35
20171225,15.90,N,0,70695.00,3.31,1.36
20171226,15.94,N,0,70735.00,3.32,1.36
20171227,15.00,N,0,69795.00,3.07,1.33
20171228,14.93,N,0,69725.00,3.05,1.32
20171229,14.94,N,0,69735.00,3.05,1.32
20180102,14.69,N,0,69485.00,2.98,1.32
20180103,14.89,N,0,69685.00,3.04,1.32
20180104,14.71,N,0,69505.00,2.99,1.32
20180105,15.08,N,0,69875.00,3.09,1.33
20180108,15.43,B,300,70225.00,3.18,1.34
20180109,15.15,N,0,69861.00,3.11,1.33
20180110,15.01,N,0,69679.00,3.07,1.32
20180111,14.91,N,0,69549.00,3.04,1.32
20180112,15.39,N,0,70173.00,3.17,1.34
20180115,14.97,N,0,69627.00,3.06,1.32
20180116,15.17,N,0,69887.00,3.11,1.33
20180117,15.34,N,0,70108.00,3.16,1.34
20180118,15.09,N,0,69783.00,3.09,1.33
20180119,15.49,N,0,70303.00,3.20,1.34
20180122,15.76,N,0,70654.00,3.27,1.36
20180123,15.62,N,0,70472.00,3.23,1.35
20180124,15.77,N,0,70667.00,3.27,1.36
20180125,15.18,N,0,69900.00,3.11,1.33
20180126,14.99,N,0,69653.00,3.06,1.32
20180129,14.35,N,0,68821.00,2.89,1.29
20180130,14.31,N,0,68769.00,2.88,1.29
20180131,13.16,N,0,67274.00,2.57,1.24
20180201,12.10,N,0,65896.00,2.28,1.20
20180202,11.76,N,0,65454.00,2.19,1.18
20180205,12.12,N,0,65922.00,2.28,1.20
20180206,10.98,N,0,64440.00,1.98,1.15
20180207,10.99,N,0,64453.00,1.98,1.15
20180208,11.18,N,0,64700.00,2.03,1.16
20180209,10.72,N,0,64102.00,1.91,1.14
20180212,10.77,N,0,64167.00,1.92,1.14
20180213,11.09,N,0,64583.00,2.01,1.15
20180214,11.11,N,0,64609.00,2.01,1.15
20180222,11.28,N,0,64830.00,2.06,1.16
20180223,11.37,B,400,64947.00,2.08,1.16
20180226,11.83,N,0,65729.00,2.21,1.19
20180227,11.59,N,0,65321.00,2.14,1.18
20180228,11.76,N,0,65610.00,2.19,1.19
20180301,11.91,N,0,65865.00,2.23,1.20
20180302,12.13,N,0,66239.00,2.29,1.21
20180305,12.14,N,0,66256.00,2.29,1.21
20180306,12.52,N,0,66902.00,2.39,1.23
20180307,12.82,N,0,67412.00,2.47,1.25
20180308,12.59,N,0,67021.00,2.41,1.23
20180309,12.77,N,0,67327.00,2.46,1.24
20180312,12.87,N,0,67497.00,2.49,1.25
20180313,12.60,N,0,67038.00,2.41,1.23
20180314,12.28,B,400,66494.00,2.33,1.22
20180315,12.36,N,0,66662.00,2.35,1.22
20180316,12.65,N,0,67271.00,2.43,1.24
20180319,12.57,N,0,67103.00,2.41,1.24
20180320,12.87,N,0,67733.00,2.49,1.26
20180321,12.93,N,0,67859.00,2.50,1.26
20180322,12.93,N,0,67859.00,2.50,1.26
20180323,12.21,N,0,66347.00,2.31,1.21
20180326,12.38,N,0,66704.00,2.36,1.22
20180327,12.88,N,0,67754.00,2.49,1.26
20180328,12.59,N,0,67145.00,2.41,1.24
20180329,13.07,N,0,68153.00,2.54,1.27
20180330,13.08,N,0,68174.00,2.54,1.27
20180402,12.00,S,700,65906.00,2.25,1.20
20180403,11.94,N,0,65822.00,2.24,1.19
20180404,11.64,N,0,65402.00,2.15,1.18
20180409,12.02,N,0,65934.00,2.26,1.20
20180410,12.20,N,0,66186.00,2.31,1.21
20180411,12.63,N,0,66788.00,2.42,1.23
20180412,13.09,N,0,67432.00,2.55,1.25
20180413,12.59,N,0,66732.00,2.41,1.22
20180416,12.28,N,0,66298.00,2.33,1.21
20180417,12.96,B,300,67250.00,2.51,1.24
20180418,13.13,N,0,67539.00,2.56,1.25
20180419,12.90,N,0,67148.00,2.50,1.24
20180420,12.27,N,0,66077.00,2.33,1.20
20180423,12.40,N,0,66298.00,2.36,1.21
20180424,12.74,B,300,66876.00,2.45,1.23
20180425,12.45,N,0,66296.00,2.37,1.21
20180426,12.00,N,0,65396.00,2.25,1.18
20180427,12.24,N,0,65876.00,2.32,1.20
20180502,12.14,N,0,65676.00,2.29,1.19
20180503,12.37,N,0,66136.00,2.35,1.20
20180504,12.04,N,0,65476.00,2.26,1.18
20180507,12.17,N,0,65736.00,2.30,1.19
20180508,12.67,N,0,66736.00,2.43,1.22
20180509,12.46,N,0,66316.00,2.38,1.21
20180510,12.47,B,400,66336.00,2.38,1.21
20180511,12.15,N,0,65568.00,2.29,1.19
20180514,12.30,N,0,65928.00,2.33,1.20
20180515,11.90,N,0,64968.00,2.22,1.17
20180516,11.54,N,0,64104.00,2.13,1.14
20180517,11.58,N,0,64200.00,2.14,1.14
20180518,11.62,N,0,64296.00,2.15,1.14
20180521,11.73,N,0,64560.00,2.18,1.15
20180522,11.91,N,0,64992.00,2.23,1.17
20180523,11.64,N,0,64344.00,2.15,1.14
20180524,11.41,N,0,63792.00,2.09,1.13
20180525,11.01,N,0,62832.00,1.98,1.09
20180528,11.16,N,0,63192.00,2.02,1.11
20180529,11.38,N,0,63720.00,2.08,1.12
20180530,11.25,N,0,63408.00,2.05,1.11
20180531,11.54,B,400,64104.00,2.13,1.14
20180601,11.44,N,0,63824.00,2.10,1.13
20180604,11.18,N,0,63096.00,2.03,1.10
20180605,11.39,N,0,63684.00,2.09,1.12
20180606,11.33,N,0,63516.00,2.07,1.12
20180607,11.21,N,0,63180.00,2.04,1.11
20180608,10.95,N,0,62452.00,1.97,1.08
20180611,10.90,N,0,62312.00,1.95,1.08
20180612,10.93,N,0,62396.00,1.96,1.08
20180613,10.75,N,0,61892.00,1.91,1.06
20180614,10.67,N,0,61668.00,1.89,1.06
20180615,10.68,N,0,61696.00,1.89,1.06
20180619,10.68,N,0,61696.00,1.89,1.06
20180620,10.75,N,0,61892.00,1.91,1.06
20180621,10.68,N,0,61696.00,1.89,1.06
20180622,10.67,N,0,61668.00,1.89,1.06
20180625,10.67,N,0,61668.00,1.89,1.06
20180626,10.69,N,0,61724.00,1.90,1.06
20180627,10.68,N,0,61696.00,1.89,1.06
20180628,10.66,N,0,61640.00,1.89,1.05
20180629,10.77,N,0,61948.00,1.92,1.06
20180702,10.68,N,0,61696.00,1.89,1.06
20180703,10.68,N,0,61696.00,1.89,1.06
20180704,10.68,N,0,61696.00,1.89,1.06
20180705,10.68,N,0,61696.00,1.89,1.06
20180706,10.68,N,0,61696.00,1.89,1.06
20180709,10.68,N,0,61696.00,1.89,1.06
20180710,10.68,N,0,61696.00,1.89,1.06
20180711,10.68,N,0,61696.00,1.89,1.06
20180712,10.79,N,0,62004.00,1.92,1.07
20180713,10.68,N,0,61696.00,1.89,1.06
20180716,10.68,N,0,61696.00,1.89,1.06
20180717,10.68,N,0,61696.00,1.89,1.06
20180718,10.68,B,400,61696.00,1.89,1.06
20180719,10.69,B,400,61728.00,1.90,1.06
20180720,11.14,N,0,63348.00,2.02,1.11
20180723,11.06,N,0,63060.00,2.00,1.10
20180724,11.09,N,0,63168.00,2.01,1.11
20180725,10.94,N,0,62628.00,1.96,1.09
20180726,10.82,N,0,62196.00,1.93,1.07
20180727,10.71,N,0,61800.00,1.90,1.06
20180730,10.69,N,0,61728.00,1.90,1.06
20180731,10.70,N,0,61764.00,1.90,1.06
20180801,10.65,N,0,61584.00,1.89,1.05
20180802,10.47,N,0,60936.00,1.84,1.03
20180803,10.52,N,0,61116.00,1.85,1.04
20180806,10.48,N,0,60972.00,1.84,1.03
20180807,10.59,N,0,61368.00,1.87,1.05
20180808,10.47,N,0,60936.00,1.84,1.03
20180809,10.55,N,0,61224.00,1.86,1.04
20180810,10.49,N,0,61008.00,1.84,1.03
20180813,10.55,N,0,61224.00,1.86,1.04
20180814,10.47,N,0,60936.00,1.84,1.03
20180815,10.40,N,0,60684.00,1.82,1.02
20180816,10.47,N,0,60936.00,1.84,1.03
20180817,10.47,N,0,60936.00,1.84,1.03
20180820,10.47,N,0,60936.00,1.84,1.03
20180821,10.47,N,0,60936.00,1.84,1.03
20180822,10.40,N,0,60684.00,1.82,1.02
20180823,10.47,N,0,60936.00,1.84,1.03
20180824,10.47,N,0,60936.00,1.84,1.03
20180827,10.48,N,0,60972.00,1.84,1.03
20180828,10.46,N,0,60900.00,1.83,1.03
20180829,10.47,N,0,60936.00,1.84,1.03
20180830,10.41,N,0,60720.00,1.82,1.02
20180831,10.39,N,0,60648.00,1.82,1.02
20180903,10.43,N,0,60792.00,1.83,1.03
20180904,10.40,N,0,60684.00,1.82,1.02
20180905,10.30,N,0,60324.00,1.79,1.01
20180906,10.25,N,0,60144.00,1.78,1.00
20180907,10.18,N,0,59892.00,1.76,1.00
20180910,9.87,N,0,58776.00,1.67,0.96
20180911,9.59,N,0,57768.00,1.60,0.93
20180912,9.25,N,0,56544.00,1.51,0.88
20180913,9.25,N,0,56544.00,1.51,0.88
20180914,9.25,N,0,56544.00,1.51,0.88
20180917,9.00,N,0,55644.00,1.44,0.85
20180918,9.04,N,0,55788.00,1.45,0.86
20180919,9.00,N,0,55644.00,1.44,0.85
20180920,8.99,N,0,55608.00,1.44,0.85
20180921,9.08,N,0,55932.00,1.46,0.86
20180925,9.00,N,0,55644.00,1.44,0.85
20180926,8.99,N,0,55608.00,1.44,0.85
20180927,9.00,N,0,55644.00,1.44,0.85
20180928,9.00,N,0,55644.00,1.44,0.85
20181008,9.00,N,0,55644.00,1.44,0.85
20181009,9.00,N,0,55644.00,1.44,0.85
20181010,8.99,N,0,55608.00,1.44,0.85
20181011,8.59,N,0,54168.00,1.33,0.81
20181012,8.43,N,0,53592.00,1.28,0.79
20181015,8.40,N,0,53484.00,1.28,0.78
20181016,8.38,N,0,53412.00,1.27,0.78
20181017,8.25,N,0,52944.00,1.24,0.76
20181018,8.21,N,0,52800.00,1.22,0.76
20181019,8.24,N,0,52908.00,1.23,0.76
20181022,9.06,B,500,55860.00,1.46,0.86
20181023,8.84,N,0,54958.00,1.40,0.83
20181024,8.87,N,0,55081.00,1.40,0.84
20181025,9.12,N,0,56106.00,1.47,0.87
20181026,8.85,N,0,54999.00,1.40,0.83
20181029,8.70,N,0,54384.00,1.36,0.81
20181030,9.10,B,500,56024.00,1.47,0.87
20181031,9.33,N,0,57082.00,1.53,0.90
20181101,9.26,N,0,56760.00,1.51,0.89
20181102,9.42,N,0,57496.00,1.55,0.92
20181105,9.69,N,0,58738.00,1.63,0.96
20181106,9.56,N,0,58140.00,1.59,0.94
20181107,9.28,N,0,56852.00,1.51,0.90
20181108,9.10,N,0,56024.00,1.47,0.87
20181109,9.17,N,0,56346.00,1.49,0.88
20181112,9.29,N,0,56898.00,1.52,0.90
20181113,9.60,N,0,58324.00,1.60,0.94
20181114,9.35,N,0,57174.00,1.53,0.91
20181115,10.29,N,0,61498.00,1.79,1.05
20181116,11.32,N,0,66236.00,2.07,1.21
20181119,12.45,N,0,71434.00,2.37,1.38
20181120,11.55,S,1500,67294.00,2.13,1.24
20181121,11.47,N,0,67046.00,2.11,1.23
20181122,11.37,N,0,66736.00,2.08,1.22
20181123,10.72,N,0,64721.00,1.91,1.16
20181126,10.92,N,0,65341.00,1.96,1.18
20181127,10.88,N,0,65217.00,1.95,1.17
20181128,10.96,N,0,65465.00,1.97,1.18
20181129,10.30,S,1000,63419.00,1.79,1.11
20181130,10.33,N,0,63482.00,1.80,1.12
20181203,10.52,N,0,63881.00,1.85,1.13
20181204,11.14,N,0,65183.00,2.02,1.17
20181205,11.40,N,0,65729.00,2.09,1.19
20181206,11.10,N,0,65099.00,2.01,1.17
20181207,10.47,N,0,63776.00,1.84,1.13
20181210,10.06,N,0,62915.00,1.73,1.10
20181211,10.12,N,0,63041.00,1.74,1.10
20181212,10.02,N,0,62831.00,1.72,1.09
20181213,10.14,N,0,63083.00,1.75,1.10
20181214,9.62,N,0,61991.00,1.61,1.07
20181217,10.09,N,0,62978.00,1.73,1.10
20181218,10.08,N,0,62957.00,1.73,1.10
20181219,9.90,N,0,62579.00,1.68,1.09
20181220,10.12,N,0,63041.00,1.74,1.10
20181221,10.01,N,0,62810.00,1.71,1.09
20181224,9.82,N,0,62411.00,1.66,1.08
20181225,9.49,N,0,61718.00,1.57,1.06
20181226,9.62,B,500,61991.00,1.61,1.07
20181227,9.96,N,0,62875.00,1.70,1.10
20181228,10.08,N,0,63187.00,1.73,1.11
20190102,10.17,N,0,63421.00,1.76,1.11
20190103,10.33,N,0,63837.00,1.80,1.13
20190104,11.26,B,400,66255.00,2.05,1.21
20190107,10.88,N,0,65115.00,1.95,1.17
20190108,10.60,N,0,64275.00,1.87,1.14
20190109,10.56,N,0,64155.00,1.86,1.14
20190110,10.43,N,0,63765.00,1.83,1.13
20190111,10.43,N,0,63765.00,1.83,1.13
20190114,10.29,N,0,63345.00,1.79,1.11
20190115,10.45,B,400,63825.00,1.83,1.13
20190116,10.10,N,0,62635.00,1.74,1.09
20190117,10.38,N,0,63587.00,1.81,1.12
20190118,10.20,N,0,62975.00,1.76,1.10
20190121,9.98,N,0,62227.00,1.70,1.07
20190122,9.80,N,0,61615.00,1.66,1.05
20190123,9.64,N,0,61071.00,1.61,1.04
20190124,9.73,N,0,61377.00,1.64,1.05
20190125,9.45,N,0,60425.00,1.56,1.01
20190128,9.40,N,0,60255.00,1.55,1.01
20190129,9.18,N,0,59507.00,1.49,0.98
20190130,8.94,N,0,58691.00,1.42,0.96
20190131,8.70,N,0,57875.00,1.36,0.93
20190201,9.29,N,0,59881.00,1.52,1.00
20190211,9.39,N,0,60221.00,1.54,1.01
20190212,9.42,N,0,60323.00,1.55,1.01
20190213,9.68,N,0,61207.00,1.62,1.04
20190214,9.54,N,0,60731.00,1.59,1.02
20190215,9.46,N,0,60459.00,1.56,1.02
20190218,9.90,N,0,61955.00,1.68,1.07
20190219,10.30,N,0,63315.00,1.79,1.11
20190220,10.11,N,0,62669.00,1.74,1.09
20190221,10.09,N,0,62601.00,1.73,1.09
20190222,11.10,B,400,66035.00,2.01,1.20
20190225,12.21,N,0,70253.00,2.31,1.34
20190226,11.77,N,0,68581.00,2.19,1.29
20190227,11.60,N,0,67935.00,2.14,1.26
20190228,11.07,N,0,65921.00,2.00,1.20
20190301,12.18,N,0,70139.00,2.30,1.34
20190304,13.40,N,0,74775.00,2.63,1.49
20190305,14.74,N,0,79867.00,2.99,1.66
20190306,15.60,N,0,83135.00,3.23,1.77
20190307,15.46,N,0,82603.00,3.19,1.75
20190308,13.91,S,1200,76713.00,2.77,1.56
20190311,13.53,N,0,75725.00,2.67,1.52
20190312,13.73,N,0,76245.00,2.72,1.54
20190313,13.35,N,0,75257.00,2.62,1.51
20190314,12.71,N,0,73593.00,2.44,1.45
20190315,12.90,N,0,74087.00,2.50,1.47
20190318,13.15,N,0,74737.00,2.56,1.49
20190319,13.12,N,0,74659.00,2.56,1.49
20190320,13.25,N,0,74997.00,2.59,1.50
20190321,13.39,N,0,75361.00,2.63,1.51
20190322,13.03,N,0,74425.00,2.53,1.48
20190325,12.41,N,0,72813.00,2.36,1.43
20190326,12.66,N,0,73463.00,2.43,1.45
20190327,13.93,N,0,76765.00,2.78,1.56
20190328,14.07,N,0,77129.00,2.81,1.57
20190329,14.97,N,0,79469.00,3.06,1.65
20190401,14.90,N,0,79287.00,3.04,1.64
20190402,14.30,N,0,77727.00,2.88,1.59
20190403,14.58,N,0,78455.00,2.95,1.62
